{"cameraMode":{"drawMode":0,"name":"Shaded","section":"Shading Mode"},"sceneLighting":false,"audioPlay":false,"sceneViewState":{"m_AlwaysRefresh":false,"showFog":false,"showSkybox":false,"showFlares":false,"showImageEffects":true,"showParticleSystems":true,"showVisualEffectGraphs":true,"m_FxEnabled":true},"in2DMode":false,"pivot":{"x":20.073129653930665,"y":6.161561965942383,"z":13.290109634399414},"rotation":{"x":0.22806859016418458,"y":-0.04963090270757675,"z":0.011641552671790123,"w":0.9723108410835266},"size":2.6784861087799074,"orthographic":false}