{"cameraMode":{"drawMode":0,"name":"Shaded","section":"Shading Mode"},"sceneLighting":true,"audioPlay":false,"sceneViewState":{"m_AlwaysRefresh":false,"showFog":false,"showSkybox":false,"showFlares":false,"showImageEffects":true,"showParticleSystems":true,"showVisualEffectGraphs":true,"m_FxEnabled":true},"in2DMode":false,"pivot":{"x":-4.010374069213867,"y":-2.8072190284729006,"z":4.584076404571533},"rotation":{"x":0.33904120326042178,"y":-0.0014111732598394156,"z":0.000508550729136914,"w":0.9407715201377869},"size":141.42135620117188,"orthographic":false}