{"cameraMode":{"drawMode":0,"name":"Shaded","section":"Shading Mode"},"sceneLighting":false,"audioPlay":false,"sceneViewState":{"m_AlwaysRefresh":false,"showFog":false,"showSkybox":false,"showFlares":false,"showImageEffects":true,"showParticleSystems":true,"showVisualEffectGraphs":true,"m_FxEnabled":true},"in2DMode":false,"pivot":{"x":-3.146477699279785,"y":5.580522537231445,"z":5.253386497497559},"rotation":{"x":0.21226657927036286,"y":-0.0058632404543459419,"z":0.0012735920026898385,"w":0.9771943092346191},"size":21.814626693725587,"orthographic":false}